{"cameraMode":{"drawMode":0,"name":"Shaded","section":"Shading Mode"},"sceneLighting":false,"audioPlay":false,"sceneViewState":{"m_AlwaysRefresh":false,"showFog":false,"showSkybox":false,"showFlares":false,"showImageEffects":false,"showParticleSystems":false,"showVisualEffectGraphs":true,"m_FxEnabled":true},"in2DMode":false,"pivot":{"x":-0.03610891103744507,"y":0.6040194034576416,"z":-1.467794418334961},"rotation":{"x":0.014270755462348462,"y":-0.980718195438385,"z":0.17846046388149262,"w":0.07842414826154709},"size":1.8386889696121216,"orthographic":false}