{"cameraMode":{"drawMode":0,"name":"Shaded","section":"Shading Mode"},"sceneLighting":true,"audioPlay":false,"sceneViewState":{"m_AlwaysRefresh":false,"showFog":true,"showSkybox":true,"showFlares":true,"showImageEffects":true,"showParticleSystems":true,"showVisualEffectGraphs":true,"m_FxEnabled":true},"in2DMode":false,"pivot":{"x":-0.3247246742248535,"y":1.0084242820739747,"z":0.09836757183074951},"rotation":{"x":0.13628824055194856,"y":-0.5025619268417358,"z":0.08058720082044602,"w":0.849922776222229},"size":2.0886058807373049,"orthographic":false}