{"cameraMode":{"drawMode":0,"name":"Shaded","section":"Shading Mode"},"sceneLighting":true,"audioPlay":false,"sceneViewState":{"m_AlwaysRefresh":false,"showFog":true,"showSkybox":true,"showFlares":true,"showImageEffects":true,"showParticleSystems":true,"showVisualEffectGraphs":true,"m_FxEnabled":true},"in2DMode":false,"pivot":{"x":-1.1444861888885499,"y":0.7362855672836304,"z":1.1084741353988648},"rotation":{"x":0.17065927386283875,"y":-0.3989911675453186,"z":0.07574447244405747,"w":0.8977718353271484},"size":1.2126736640930176,"orthographic":false}